{"cameraMode":{"drawMode":0,"name":"Shaded","section":"Shading Mode"},"sceneLighting":true,"audioPlay":false,"sceneViewState":{"showFog":true,"showMaterialUpdate":false,"showSkybox":true,"showFlares":true,"showImageEffects":true,"showParticleSystems":true},"in2DMode":false,"pivot":{"x":0.277329683303833,"y":0.7292563319206238,"z":-0.12920013070106507},"rotation":{"x":-0.029954124242067338,"y":0.8199466466903687,"z":-0.043086785823106769,"w":-0.5700302720069885},"size":0.6720935106277466,"orthographic":false}