{"cameraMode":{"drawMode":0,"name":"Shaded","section":"Shading Mode"},"sceneLighting":true,"audioPlay":false,"sceneViewState":{"showFog":true,"showMaterialUpdate":false,"showSkybox":true,"showFlares":true,"showImageEffects":true,"showParticleSystems":true},"in2DMode":false,"pivot":{"x":-0.06602489948272705,"y":0.6990634202957153,"z":0.2735857367515564},"rotation":{"x":0.07697753608226776,"y":-0.8947991132736206,"z":0.16977092623710633,"w":0.4057508111000061},"size":2.2312750816345217,"orthographic":false}